PROVIDER;DESCRIPTION;ACCOUNTID;REGION;ASSESSMENTDATE;REQUIREMENTS_ID;REQUIREMENTS_DESCRIPTION;REQUIREMENTS_ATTRIBUTES_NAME;REQUIREMENTS_ATTRIBUTES_WELLARCHITECTEDQUESTIONID;REQUIREMENTS_ATTRIBUTES_WELLARCHITECTEDPRACTICEID;REQUIREMENTS_ATTRIBUTES_SECTION;REQUIREMENTS_ATTRIBUTES_SUBSECTION;REQUIREMENTS_ATTRIBUTES_LEVELOFRISK;REQUIREMENTS_ATTRIBUTES_ASSESSMENTMETHOD;REQUIREMENTS_ATTRIBUTES_DESCRIPTION;REQUIREMENTS_ATTRIBUTES_IMPLEMENTATIONGUIDANCEURL;STATUS;STATUSEXTENDED;RESOURCEID;CHECKID;MUTED;RESOURCENAME;FRAMEWORK;NAME
aws;Best Practices for AWS Well-Architected Framework Security Pillar. The focus of this framework is the security pillar of the AWS Well-Architected Framework. It provides guidance to help you apply best practices, current recommendations in the design, delivery, and maintenance of secure AWS workloads.;195304366889;eu-north-1;2026-07-10 21:26:29.483257;SEC03-BP03;A process that allows emergency access to your workload in the unlikely event of an automated process or pipeline issue. This will help you rely on least privilege access, but ensure users can obtain the right level of access when they require it. For example, establish a process for administrators to verify and approve their request, such as an emergency AWS cross-account role for access, or a specific process for administrators to follow to validate and approve an emergency request.;SEC03-BP03 Establish emergency access process;permissions;sec_permissions_emergency_process;Identity and access management;Permissions management;High;Automated;A process that allows emergency access to your workload in the unlikely event of an automated process or pipeline issue. This will help you rely on least privilege access, but ensure users can obtain the right level of access when they require it. For example, establish a process for administrators to verify and approve their request, such as an emergency AWS cross-account role for access, or a specific process for administrators to follow to validate and approve an emergency request.;https://docs.aws.amazon.com/wellarchitected/latest/security-pillar/sec_permissions_emergency_process.html#implementation-guidance.;MANUAL;Login to the AWS Console. Choose your account name on the top right of the window -> My Account -> Contact Information.;arn:aws:iam::195304366889:root;account_maintain_current_contact_details;False;195304366889;AWS-Well-Architected-Framework-Security-Pillar;AWS Well-Architected Framework Security Pillar
aws;Best Practices for AWS Well-Architected Framework Security Pillar. The focus of this framework is the security pillar of the AWS Well-Architected Framework. It provides guidance to help you apply best practices, current recommendations in the design, delivery, and maintenance of secure AWS workloads.;195304366889;eu-north-1;2026-07-10 21:26:29.483257;SEC10-BP01;Identify internal and external personnel, resources, and legal obligations that would help your organization respond to an incident.When you define your approach to incident response in the cloud, in unison with other teams (such as your legal counsel, leadership, business stakeholders, AWS Support Services, and others), you must identify key personnel, stakeholders, and relevant contacts. To reduce dependency and decrease response time, make sure that your team, specialist security teams, and responders are educated about the services that you use and have opportunities to practice hands-on.We encourage you to identify external AWS security partners that can provide you with outside expertise and a different perspective to augment your response capabilities. Your trusted security partners can help you identify potential risks or threats that you might not be familiar with.;SEC10-BP01 Identify key personnel and external resources;incident-response;sec_incident_response_identify_personnel;Incident response;Prepare;High;Automated;Identify internal and external personnel, resources, and legal obligations that would help your organization respond to an incident.When you define your approach to incident response in the cloud, in unison with other teams (such as your legal counsel, leadership, business stakeholders, AWS Support Services, and others), you must identify key personnel, stakeholders, and relevant contacts. To reduce dependency and decrease response time, make sure that your team, specialist security teams, and responders are educated about the services that you use and have opportunities to practice hands-on.We encourage you to identify external AWS security partners that can provide you with outside expertise and a different perspective to augment your response capabilities. Your trusted security partners can help you identify potential risks or threats that you might not be familiar with.;https://docs.aws.amazon.com/wellarchitected/latest/security-pillar/sec_incident_response_identify_personnel.html#implementation-guidance.;MANUAL;Login to the AWS Console. Choose your account name on the top right of the window -> My Account -> Contact Information.;arn:aws:iam::195304366889:root;account_maintain_current_contact_details;False;195304366889;AWS-Well-Architected-Framework-Security-Pillar;AWS Well-Architected Framework Security Pillar
aws;Best Practices for AWS Well-Architected Framework Security Pillar. The focus of this framework is the security pillar of the AWS Well-Architected Framework. It provides guidance to help you apply best practices, current recommendations in the design, delivery, and maintenance of secure AWS workloads.;195304366889;eu-north-1;2026-07-10 21:26:29.483257;SEC03-BP03;A process that allows emergency access to your workload in the unlikely event of an automated process or pipeline issue. This will help you rely on least privilege access, but ensure users can obtain the right level of access when they require it. For example, establish a process for administrators to verify and approve their request, such as an emergency AWS cross-account role for access, or a specific process for administrators to follow to validate and approve an emergency request.;SEC03-BP03 Establish emergency access process;permissions;sec_permissions_emergency_process;Identity and access management;Permissions management;High;Automated;A process that allows emergency access to your workload in the unlikely event of an automated process or pipeline issue. This will help you rely on least privilege access, but ensure users can obtain the right level of access when they require it. For example, establish a process for administrators to verify and approve their request, such as an emergency AWS cross-account role for access, or a specific process for administrators to follow to validate and approve an emergency request.;https://docs.aws.amazon.com/wellarchitected/latest/security-pillar/sec_permissions_emergency_process.html#implementation-guidance.;MANUAL;Login to the AWS Console. Choose your account name on the top right of the window -> My Account -> Alternate Contacts -> Security Section.;arn:aws:iam::195304366889:root;account_security_contact_information_is_registered;False;195304366889;AWS-Well-Architected-Framework-Security-Pillar;AWS Well-Architected Framework Security Pillar
aws;Best Practices for AWS Well-Architected Framework Security Pillar. The focus of this framework is the security pillar of the AWS Well-Architected Framework. It provides guidance to help you apply best practices, current recommendations in the design, delivery, and maintenance of secure AWS workloads.;195304366889;eu-north-1;2026-07-10 21:26:29.483257;SEC10-BP01;Identify internal and external personnel, resources, and legal obligations that would help your organization respond to an incident.When you define your approach to incident response in the cloud, in unison with other teams (such as your legal counsel, leadership, business stakeholders, AWS Support Services, and others), you must identify key personnel, stakeholders, and relevant contacts. To reduce dependency and decrease response time, make sure that your team, specialist security teams, and responders are educated about the services that you use and have opportunities to practice hands-on.We encourage you to identify external AWS security partners that can provide you with outside expertise and a different perspective to augment your response capabilities. Your trusted security partners can help you identify potential risks or threats that you might not be familiar with.;SEC10-BP01 Identify key personnel and external resources;incident-response;sec_incident_response_identify_personnel;Incident response;Prepare;High;Automated;Identify internal and external personnel, resources, and legal obligations that would help your organization respond to an incident.When you define your approach to incident response in the cloud, in unison with other teams (such as your legal counsel, leadership, business stakeholders, AWS Support Services, and others), you must identify key personnel, stakeholders, and relevant contacts. To reduce dependency and decrease response time, make sure that your team, specialist security teams, and responders are educated about the services that you use and have opportunities to practice hands-on.We encourage you to identify external AWS security partners that can provide you with outside expertise and a different perspective to augment your response capabilities. Your trusted security partners can help you identify potential risks or threats that you might not be familiar with.;https://docs.aws.amazon.com/wellarchitected/latest/security-pillar/sec_incident_response_identify_personnel.html#implementation-guidance.;MANUAL;Login to the AWS Console. Choose your account name on the top right of the window -> My Account -> Alternate Contacts -> Security Section.;arn:aws:iam::195304366889:root;account_security_contact_information_is_registered;False;195304366889;AWS-Well-Architected-Framework-Security-Pillar;AWS Well-Architected Framework Security Pillar
aws;Best Practices for AWS Well-Architected Framework Security Pillar. The focus of this framework is the security pillar of the AWS Well-Architected Framework. It provides guidance to help you apply best practices, current recommendations in the design, delivery, and maintenance of secure AWS workloads.;195304366889;eu-north-1;2026-07-10 21:26:29.483257;SEC03-BP03;A process that allows emergency access to your workload in the unlikely event of an automated process or pipeline issue. This will help you rely on least privilege access, but ensure users can obtain the right level of access when they require it. For example, establish a process for administrators to verify and approve their request, such as an emergency AWS cross-account role for access, or a specific process for administrators to follow to validate and approve an emergency request.;SEC03-BP03 Establish emergency access process;permissions;sec_permissions_emergency_process;Identity and access management;Permissions management;High;Automated;A process that allows emergency access to your workload in the unlikely event of an automated process or pipeline issue. This will help you rely on least privilege access, but ensure users can obtain the right level of access when they require it. For example, establish a process for administrators to verify and approve their request, such as an emergency AWS cross-account role for access, or a specific process for administrators to follow to validate and approve an emergency request.;https://docs.aws.amazon.com/wellarchitected/latest/security-pillar/sec_permissions_emergency_process.html#implementation-guidance.;MANUAL;Login to the AWS Console as root. Choose your account name on the top right of the window -> My Account -> Configure Security Challenge Questions.;arn:aws:iam::195304366889:root;account_security_questions_are_registered_in_the_aws_account;False;195304366889;AWS-Well-Architected-Framework-Security-Pillar;AWS Well-Architected Framework Security Pillar
aws;Best Practices for AWS Well-Architected Framework Security Pillar. The focus of this framework is the security pillar of the AWS Well-Architected Framework. It provides guidance to help you apply best practices, current recommendations in the design, delivery, and maintenance of secure AWS workloads.;195304366889;eu-north-1;2026-07-10 21:26:29.483257;SEC10-BP01;Identify internal and external personnel, resources, and legal obligations that would help your organization respond to an incident.When you define your approach to incident response in the cloud, in unison with other teams (such as your legal counsel, leadership, business stakeholders, AWS Support Services, and others), you must identify key personnel, stakeholders, and relevant contacts. To reduce dependency and decrease response time, make sure that your team, specialist security teams, and responders are educated about the services that you use and have opportunities to practice hands-on.We encourage you to identify external AWS security partners that can provide you with outside expertise and a different perspective to augment your response capabilities. Your trusted security partners can help you identify potential risks or threats that you might not be familiar with.;SEC10-BP01 Identify key personnel and external resources;incident-response;sec_incident_response_identify_personnel;Incident response;Prepare;High;Automated;Identify internal and external personnel, resources, and legal obligations that would help your organization respond to an incident.When you define your approach to incident response in the cloud, in unison with other teams (such as your legal counsel, leadership, business stakeholders, AWS Support Services, and others), you must identify key personnel, stakeholders, and relevant contacts. To reduce dependency and decrease response time, make sure that your team, specialist security teams, and responders are educated about the services that you use and have opportunities to practice hands-on.We encourage you to identify external AWS security partners that can provide you with outside expertise and a different perspective to augment your response capabilities. Your trusted security partners can help you identify potential risks or threats that you might not be familiar with.;https://docs.aws.amazon.com/wellarchitected/latest/security-pillar/sec_incident_response_identify_personnel.html#implementation-guidance.;MANUAL;Login to the AWS Console as root. Choose your account name on the top right of the window -> My Account -> Configure Security Challenge Questions.;arn:aws:iam::195304366889:root;account_security_questions_are_registered_in_the_aws_account;False;195304366889;AWS-Well-Architected-Framework-Security-Pillar;AWS Well-Architected Framework Security Pillar
aws;Best Practices for AWS Well-Architected Framework Security Pillar. The focus of this framework is the security pillar of the AWS Well-Architected Framework. It provides guidance to help you apply best practices, current recommendations in the design, delivery, and maintenance of secure AWS workloads.;;;2026-07-10 21:26:29.483257;SEC01-BP03;Based on your compliance requirements and risks identified from your threat model, derive and validate the control objectives and controls that you need to apply to your workload. Ongoing validation of control objectives and controls help you measure the effectiveness of risk mitigation.;SEC01-BP03 Identify and validate control objectives;securely-operate;sec_securely_operate_control_objectives;Security foundations;Operating your workloads securely;High;Automated;Based on your compliance requirements and risks identified from your threat model, derive and validate the control objectives and controls that you need to apply to your workload. Ongoing validation of control objectives and controls help you measure the effectiveness of risk mitigation.;https://docs.aws.amazon.com/wellarchitected/latest/security-pillar/sec_securely_operate_control_objectives.html#implementation-guidance.;MANUAL;Manual check;manual_check;manual;False;Manual check;AWS-Well-Architected-Framework-Security-Pillar;AWS Well-Architected Framework Security Pillar
aws;Best Practices for AWS Well-Architected Framework Security Pillar. The focus of this framework is the security pillar of the AWS Well-Architected Framework. It provides guidance to help you apply best practices, current recommendations in the design, delivery, and maintenance of secure AWS workloads.;;;2026-07-10 21:26:29.483257;SEC01-BP04;To help you define and implement appropriate controls, recognize attack vectors by staying up to date with the latest security threats. Consume AWS Managed Services to make it easier to receive notification of unexpected or unusual behavior in your AWS accounts. Investigate using AWS Partner tools or third-party threat information feeds as part of your security information flow. The Common Vulnerabilities and Exposures (CVE) List  list contains publicly disclosed cyber security vulnerabilities that you can use to stay up to date.;SEC01-BP04 Keep up-to-date with security threats;securely-operate;sec_securely_operate_updated_threats;Security foundations;Operating your workloads securely;High;Automated;To help you define and implement appropriate controls, recognize attack vectors by staying up to date with the latest security threats. Consume AWS Managed Services to make it easier to receive notification of unexpected or unusual behavior in your AWS accounts. Investigate using AWS Partner tools or third-party threat information feeds as part of your security information flow. The Common Vulnerabilities and Exposures (CVE) List  list contains publicly disclosed cyber security vulnerabilities that you can use to stay up to date.;https://docs.aws.amazon.com/wellarchitected/latest/security-pillar/sec_securely_operate_updated_threats.html#implementation-guidance.;MANUAL;Manual check;manual_check;manual;False;Manual check;AWS-Well-Architected-Framework-Security-Pillar;AWS Well-Architected Framework Security Pillar
aws;Best Practices for AWS Well-Architected Framework Security Pillar. The focus of this framework is the security pillar of the AWS Well-Architected Framework. It provides guidance to help you apply best practices, current recommendations in the design, delivery, and maintenance of secure AWS workloads.;;;2026-07-10 21:26:29.483257;SEC01-BP05;Stay up-to-date with both AWS and industry security recommendations to evolve the security posture of your workload. AWS Security Bulletins contain important information about security and privacy notifications.;SEC01-BP05 Keep up-to-date with security recommendations;securely-operate;sec_securely_operate_updated_recommendations;Security foundations;Operating your workloads securely;High;Automated;Stay up-to-date with both AWS and industry security recommendations to evolve the security posture of your workload. AWS Security Bulletins contain important information about security and privacy notifications.;https://docs.aws.amazon.com/wellarchitected/latest/security-pillar/sec_securely_operate_updated_recommendations.html#implementation-guidance.;MANUAL;Manual check;manual_check;manual;False;Manual check;AWS-Well-Architected-Framework-Security-Pillar;AWS Well-Architected Framework Security Pillar
aws;Best Practices for AWS Well-Architected Framework Security Pillar. The focus of this framework is the security pillar of the AWS Well-Architected Framework. It provides guidance to help you apply best practices, current recommendations in the design, delivery, and maintenance of secure AWS workloads.;;;2026-07-10 21:26:29.483257;SEC01-BP08;Evaluate and implement security services and features from AWS and AWS Partners that allow you to evolve the security posture of your workload. The AWS Security Blog highlights new AWS services and features, implementation guides, and general security guidance. What's New with AWS? is a great way to stay up to date with all new AWS features, services, and announcements.;SEC01-BP08 Evaluate and implement new security services and features regularly;securely-operate;sec_securely_operate_implement_services_features;Security foundations;Operating your workloads securely;Low;Automated;Evaluate and implement security services and features from AWS and AWS Partners that allow you to evolve the security posture of your workload. The AWS Security Blog highlights new AWS services and features, implementation guides, and general security guidance. What's New with AWS? is a great way to stay up to date with all new AWS features, services, and announcements.;https://docs.aws.amazon.com/wellarchitected/latest/security-pillar/sec_securely_operate_implement_services_features.html#implementation-guidance.;MANUAL;Manual check;manual_check;manual;False;Manual check;AWS-Well-Architected-Framework-Security-Pillar;AWS Well-Architected Framework Security Pillar
aws;Best Practices for AWS Well-Architected Framework Security Pillar. The focus of this framework is the security pillar of the AWS Well-Architected Framework. It provides guidance to help you apply best practices, current recommendations in the design, delivery, and maintenance of secure AWS workloads.;;;2026-07-10 21:26:29.483257;SEC06-BP03;Implement services that manage resources, such as Amazon Relational Database Service (Amazon RDS), AWS Lambda, and Amazon Elastic Container Service (Amazon ECS), to reduce your security maintenance tasks as part of the shared responsibility model. For example, Amazon RDS helps you set up, operate, and scale a relational database, automates administration tasks such as hardware provisioning, database setup, patching, and backups. This means you have more free time to focus on securing your application in other ways described in the AWS Well-Architected Framework. Lambda lets you run code without provisioning or managing servers, so you only need to focus on the connectivity, invocation, and security at the code level–not the infrastructure or operating system.;SEC06-BP03 Implement managed services;protect-compute;sec_protect_compute_implement_managed_services;Infrastructure protection;Protecting compute;High;Automated;Implement services that manage resources, such as Amazon Relational Database Service (Amazon RDS), AWS Lambda, and Amazon Elastic Container Service (Amazon ECS), to reduce your security maintenance tasks as part of the shared responsibility model. For example, Amazon RDS helps you set up, operate, and scale a relational database, automates administration tasks such as hardware provisioning, database setup, patching, and backups. This means you have more free time to focus on securing your application in other ways described in the AWS Well-Architected Framework. Lambda lets you run code without provisioning or managing servers, so you only need to focus on the connectivity, invocation, and security at the code level–not the infrastructure or operating system.;https://docs.aws.amazon.com/wellarchitected/latest/security-pillar/sec_protect_compute_implement_managed_services.html#implementation-guidance.;MANUAL;Manual check;manual_check;manual;False;Manual check;AWS-Well-Architected-Framework-Security-Pillar;AWS Well-Architected Framework Security Pillar
aws;Best Practices for AWS Well-Architected Framework Security Pillar. The focus of this framework is the security pillar of the AWS Well-Architected Framework. It provides guidance to help you apply best practices, current recommendations in the design, delivery, and maintenance of secure AWS workloads.;;;2026-07-10 21:26:29.483257;SEC07-BP01;It’s critical to understand the type and classification of data your workload is processing, the associated business processes, where the data is stored, and who is the data owner. You should also have an understanding of the applicable legal and compliance requirements of your workload, and what data controls need to be enforced. Identifying data is the first step in the data classification journey.;SEC07-BP01 Identify the data within your workload;data-classification;sec_data_classification_identify_data;Data protection;Data classification;High;Automated;It’s critical to understand the type and classification of data your workload is processing, the associated business processes, where the data is stored, and who is the data owner. You should also have an understanding of the applicable legal and compliance requirements of your workload, and what data controls need to be enforced. Identifying data is the first step in the data classification journey.;https://docs.aws.amazon.com/wellarchitected/latest/security-pillar/sec_data_classification_identify_data.html#implementation-guidance.;MANUAL;Manual check;manual_check;manual;False;Manual check;AWS-Well-Architected-Framework-Security-Pillar;AWS Well-Architected Framework Security Pillar
aws;Best Practices for AWS Well-Architected Framework Security Pillar. The focus of this framework is the security pillar of the AWS Well-Architected Framework. It provides guidance to help you apply best practices, current recommendations in the design, delivery, and maintenance of secure AWS workloads.;;;2026-07-10 21:26:29.483257;SEC07-BP02;Protect data according to its classification level. For example, secure data classified as public by using relevant recommendations while protecting sensitive data with additional controls.By using resource tags, separate AWS accounts per sensitivity (and potentially also for each caveat, enclave, or community of interest), IAM policies, AWS Organizations SCPs, AWS Key Management Service (AWS KMS), and AWS CloudHSM, you can define and implement your policies for data classification and protection with encryption. For example, if you have a project with S3 buckets that contain highly critical data or Amazon Elastic Compute Cloud (Amazon EC2) instances that process confidential data, they can be tagged with a Project=ABC tag. Only your immediate team knows what the project code means, and it provides a way to use attribute-based access control. You can define levels of access to the AWS KMS encryption keys through key policies and grants to ensure that only appropriate services have access to the sensitive content through a secure mechanism. If you are making authorization decisions based on tags you should make sure that the permissions on the tags are defined appropriately using tag policies in AWS Organizations.;SEC07-BP02 Define data protection controls;data-classification;sec_data_classification_define_protection;Data protection;Data classification;High;Automated;Protect data according to its classification level. For example, secure data classified as public by using relevant recommendations while protecting sensitive data with additional controls.By using resource tags, separate AWS accounts per sensitivity (and potentially also for each caveat, enclave, or community of interest), IAM policies, AWS Organizations SCPs, AWS Key Management Service (AWS KMS), and AWS CloudHSM, you can define and implement your policies for data classification and protection with encryption. For example, if you have a project with S3 buckets that contain highly critical data or Amazon Elastic Compute Cloud (Amazon EC2) instances that process confidential data, they can be tagged with a Project=ABC tag. Only your immediate team knows what the project code means, and it provides a way to use attribute-based access control. You can define levels of access to the AWS KMS encryption keys through key policies and grants to ensure that only appropriate services have access to the sensitive content through a secure mechanism. If you are making authorization decisions based on tags you should make sure that the permissions on the tags are defined appropriately using tag policies in AWS Organizations.;https://docs.aws.amazon.com/wellarchitected/latest/security-pillar/sec_data_classification_define_protection.html#implementation-guidance.;MANUAL;Manual check;manual_check;manual;False;Manual check;AWS-Well-Architected-Framework-Security-Pillar;AWS Well-Architected Framework Security Pillar
aws;Best Practices for AWS Well-Architected Framework Security Pillar. The focus of this framework is the security pillar of the AWS Well-Architected Framework. It provides guidance to help you apply best practices, current recommendations in the design, delivery, and maintenance of secure AWS workloads.;;;2026-07-10 21:26:29.483257;SEC07-BP03;Automating the identification and classification of data can help you implement the correct controls. Using automation for this instead of direct access from a person reduces the risk of human error and exposure. You should evaluate using a tool, such as Amazon Macie, that uses machine learning to automatically discover, classify, and protect sensitive data in AWS. Amazon Macie recognizes sensitive data, such as personally identifiable information (PII) or intellectual property, and provides you with dashboards and alerts that give visibility into how this data is being accessed or moved.;SEC07-BP03 Automate identification and classification;data-classification;sec_data_classification_auto_classification;Data protection;Data classification;Medium;Automated;Automating the identification and classification of data can help you implement the correct controls. Using automation for this instead of direct access from a person reduces the risk of human error and exposure. You should evaluate using a tool, such as Amazon Macie, that uses machine learning to automatically discover, classify, and protect sensitive data in AWS. Amazon Macie recognizes sensitive data, such as personally identifiable information (PII) or intellectual property, and provides you with dashboards and alerts that give visibility into how this data is being accessed or moved.;https://docs.aws.amazon.com/wellarchitected/latest/security-pillar/sec_data_classification_auto_classification.html#implementation-guidance.;MANUAL;Manual check;manual_check;manual;False;Manual check;AWS-Well-Architected-Framework-Security-Pillar;AWS Well-Architected Framework Security Pillar
aws;Best Practices for AWS Well-Architected Framework Security Pillar. The focus of this framework is the security pillar of the AWS Well-Architected Framework. It provides guidance to help you apply best practices, current recommendations in the design, delivery, and maintenance of secure AWS workloads.;;;2026-07-10 21:26:29.483257;SEC07-BP04;Your defined lifecycle strategy should be based on sensitivity level as well as legal and organization requirements. Aspects including the duration for which you retain data, data destruction processes, data access management, data transformation, and data sharing should be considered. When choosing a data classification methodology, balance usability versus access. You should also accommodate the multiple levels of access and nuances for implementing a secure, but still usable, approach for each level. Always use a defense in depth approach and reduce human access to data and mechanisms for transforming, deleting, or copying data. For example, require users to strongly authenticate to an application, and give the application, rather than the users, the requisite access permission to perform action at a distance. In addition, ensure that users come from a trusted network path and require access to the decryption keys. Use tools, such as dashboards and automated reporting, to give users information from the data rather than giving them direct access to the data.;SEC07-BP04 Define data lifecycle management;data-classification;sec_data_classification_lifecycle_management;Data protection;Data classification;Low;Automated;Your defined lifecycle strategy should be based on sensitivity level as well as legal and organization requirements. Aspects including the duration for which you retain data, data destruction processes, data access management, data transformation, and data sharing should be considered. When choosing a data classification methodology, balance usability versus access. You should also accommodate the multiple levels of access and nuances for implementing a secure, but still usable, approach for each level. Always use a defense in depth approach and reduce human access to data and mechanisms for transforming, deleting, or copying data. For example, require users to strongly authenticate to an application, and give the application, rather than the users, the requisite access permission to perform action at a distance. In addition, ensure that users come from a trusted network path and require access to the decryption keys. Use tools, such as dashboards and automated reporting, to give users information from the data rather than giving them direct access to the data.;https://docs.aws.amazon.com/wellarchitected/latest/security-pillar/sec_data_classification_lifecycle_management.html#implementation-guidance.;MANUAL;Manual check;manual_check;manual;False;Manual check;AWS-Well-Architected-Framework-Security-Pillar;AWS Well-Architected Framework Security Pillar
aws;Best Practices for AWS Well-Architected Framework Security Pillar. The focus of this framework is the security pillar of the AWS Well-Architected Framework. It provides guidance to help you apply best practices, current recommendations in the design, delivery, and maintenance of secure AWS workloads.;;;2026-07-10 21:26:29.483257;SEC08-BP05;Keep all users away from directly accessing sensitive data and systems under normal operational circumstances. For example, use a change management workflow to manage Amazon Elastic Compute Cloud (Amazon EC2) instances using tools instead of allowing direct access or a bastion host. This can be achieved using AWS Systems Manager Automation, which uses automation documents that contain steps you use to perform tasks. These documents can be stored in source control, be peer reviewed before running, and tested thoroughly to minimize risk compared to shell access. Business users could have a dashboard instead of direct access to a data store to run queries. Where CI/CD pipelines are not used, determine which controls and processes are required to adequately provide a normally disabled break-glass access mechanism.;SEC08-BP05 Use mechanisms to keep people away from data;protect-data-rest;sec_protect_data_rest_use_people_away;Data protection;Protecting data at rest;Low;Automated;Keep all users away from directly accessing sensitive data and systems under normal operational circumstances. For example, use a change management workflow to manage Amazon Elastic Compute Cloud (Amazon EC2) instances using tools instead of allowing direct access or a bastion host. This can be achieved using AWS Systems Manager Automation, which uses automation documents that contain steps you use to perform tasks. These documents can be stored in source control, be peer reviewed before running, and tested thoroughly to minimize risk compared to shell access. Business users could have a dashboard instead of direct access to a data store to run queries. Where CI/CD pipelines are not used, determine which controls and processes are required to adequately provide a normally disabled break-glass access mechanism.;https://docs.aws.amazon.com/wellarchitected/latest/security-pillar/sec_protect_data_rest_use_people_away.html#implementation-guidance.;MANUAL;Manual check;manual_check;manual;False;Manual check;AWS-Well-Architected-Framework-Security-Pillar;AWS Well-Architected Framework Security Pillar
aws;Best Practices for AWS Well-Architected Framework Security Pillar. The focus of this framework is the security pillar of the AWS Well-Architected Framework. It provides guidance to help you apply best practices, current recommendations in the design, delivery, and maintenance of secure AWS workloads.;;;2026-07-10 21:26:29.483257;SEC09-BP03;Use tools such as Amazon GuardDuty to automatically detect suspicious activity or attempts to move data outside of defined boundaries. For example, GuardDuty can detect Amazon Simple Storage Service (Amazon S3) read activity that is unusual with the Exfiltration:S3/AnomalousBehavior finding. In addition to GuardDuty, Amazon VPC Flow Logs, which capture network traffic information, can be used with Amazon EventBridge to trigger detection of abnormal connections–both successful and denied. Amazon S3 Access Analyzer can help assess what data is accessible to who in your Amazon S3 buckets.;SEC09-BP03 Automate detection of unintended data access;protect-data-transit;sec_protect_data_transit_auto_unintended_access;Data protection;Protecting data in transit;Medium;Automated;Use tools such as Amazon GuardDuty to automatically detect suspicious activity or attempts to move data outside of defined boundaries. For example, GuardDuty can detect Amazon Simple Storage Service (Amazon S3) read activity that is unusual with the Exfiltration:S3/AnomalousBehavior finding. In addition to GuardDuty, Amazon VPC Flow Logs, which capture network traffic information, can be used with Amazon EventBridge to trigger detection of abnormal connections–both successful and denied. Amazon S3 Access Analyzer can help assess what data is accessible to who in your Amazon S3 buckets.;https://docs.aws.amazon.com/wellarchitected/latest/security-pillar/sec_protect_data_transit_auto_unintended_access.html#implementation-guidance.;MANUAL;Manual check;manual_check;manual;False;Manual check;AWS-Well-Architected-Framework-Security-Pillar;AWS Well-Architected Framework Security Pillar
aws;Best Practices for AWS Well-Architected Framework Security Pillar. The focus of this framework is the security pillar of the AWS Well-Architected Framework. It provides guidance to help you apply best practices, current recommendations in the design, delivery, and maintenance of secure AWS workloads.;;;2026-07-10 21:26:29.483257;SEC10-BP02;Create plans to help you respond to, communicate during, and recover from an incident. For example, you can start an incident response plan with the most likely scenarios for your workload and organization. Include how you would communicate and escalate both internally and externally.;SEC10-BP02 Develop incident management plans;incident-response;sec_incident_response_develop_management_plans;Incident response;Prepare;High;Automated;Create plans to help you respond to, communicate during, and recover from an incident. For example, you can start an incident response plan with the most likely scenarios for your workload and organization. Include how you would communicate and escalate both internally and externally.;https://docs.aws.amazon.com/wellarchitected/latest/security-pillar/sec_incident_response_develop_management_plans.html#implementation-guidance.;MANUAL;Manual check;manual_check;manual;False;Manual check;AWS-Well-Architected-Framework-Security-Pillar;AWS Well-Architected Framework Security Pillar
aws;Best Practices for AWS Well-Architected Framework Security Pillar. The focus of this framework is the security pillar of the AWS Well-Architected Framework. It provides guidance to help you apply best practices, current recommendations in the design, delivery, and maintenance of secure AWS workloads.;;;2026-07-10 21:26:29.483257;SEC10-BP03;It's important for your incident responders to understand when and how the forensic investigation fits into your response plan. Your organization should define what evidence is collected and what tools are used in the process. Identify and prepare forensic investigation capabilities that are suitable, including external specialists, tools, and automation. A key decision that you should make upfront is if you will collect data from a live system. Some data, such as the contents of volatile memory or active network connections, will be lost if the system is powered off or rebooted.Your response team can combine tools, such as AWS Systems Manager, Amazon EventBridge, and AWS Lambda, to automatically run forensic tools within an operating system and VPC traffic mirroring to obtain a network packet capture, to gather non-persistent evidence. Conduct other activities, such as log analysis or analyzing disk images, in a dedicated security account with customized forensic workstations and tools accessible to your responders.Routinely ship relevant logs to a data store that provides high durability and integrity. Responders should have access to those logs. AWS offers several tools that can make log investigation easier, such as Amazon Athena, Amazon OpenSearch Service (OpenSearch Service), and Amazon CloudWatch Logs Insights. Additionally, preserve evidence securely using Amazon Simple Storage Service (Amazon S3) Object Lock. This service follows the WORM (write-once- read-many) model and prevents objects from being deleted or overwritten for a defined period. As forensic investigation techniques require specialist training, you might need to engage external specialists.;SEC10-BP03 Prepare forensic capabilities;incident-response;sec_incident_response_prepare_forensic;Incident response;Prepare;Medium;Automated;It's important for your incident responders to understand when and how the forensic investigation fits into your response plan. Your organization should define what evidence is collected and what tools are used in the process. Identify and prepare forensic investigation capabilities that are suitable, including external specialists, tools, and automation. A key decision that you should make upfront is if you will collect data from a live system. Some data, such as the contents of volatile memory or active network connections, will be lost if the system is powered off or rebooted.Your response team can combine tools, such as AWS Systems Manager, Amazon EventBridge, and AWS Lambda, to automatically run forensic tools within an operating system and VPC traffic mirroring to obtain a network packet capture, to gather non-persistent evidence. Conduct other activities, such as log analysis or analyzing disk images, in a dedicated security account with customized forensic workstations and tools accessible to your responders.Routinely ship relevant logs to a data store that provides high durability and integrity. Responders should have access to those logs. AWS offers several tools that can make log investigation easier, such as Amazon Athena, Amazon OpenSearch Service (OpenSearch Service), and Amazon CloudWatch Logs Insights. Additionally, preserve evidence securely using Amazon Simple Storage Service (Amazon S3) Object Lock. This service follows the WORM (write-once- read-many) model and prevents objects from being deleted or overwritten for a defined period. As forensic investigation techniques require specialist training, you might need to engage external specialists.;https://docs.aws.amazon.com/wellarchitected/latest/security-pillar/sec_incident_response_prepare_forensic.html#implementation-guidance.;MANUAL;Manual check;manual_check;manual;False;Manual check;AWS-Well-Architected-Framework-Security-Pillar;AWS Well-Architected Framework Security Pillar
aws;Best Practices for AWS Well-Architected Framework Security Pillar. The focus of this framework is the security pillar of the AWS Well-Architected Framework. It provides guidance to help you apply best practices, current recommendations in the design, delivery, and maintenance of secure AWS workloads.;;;2026-07-10 21:26:29.483257;SEC10-BP05;Verify that incident responders have the correct access pre-provisioned in AWS to reduce the time needed for investigation through to recovery.Common anti-patterns:Using the root account for incident response.Altering existing accounts.Manipulating IAM permissions directly when providing just-in-time privilege elevation.;SEC10-BP05 Pre-provision access;incident-response;sec_incident_response_pre_provision_access;Incident response;Prepare;Medium;Automated;Verify that incident responders have the correct access pre-provisioned in AWS to reduce the time needed for investigation through to recovery.Common anti-patterns:Using the root account for incident response.Altering existing accounts.Manipulating IAM permissions directly when providing just-in-time privilege elevation.;https://docs.aws.amazon.com/wellarchitected/latest/security-pillar/sec_incident_response_pre_provision_access.html#implementation-guidance.;MANUAL;Manual check;manual_check;manual;False;Manual check;AWS-Well-Architected-Framework-Security-Pillar;AWS Well-Architected Framework Security Pillar
aws;Best Practices for AWS Well-Architected Framework Security Pillar. The focus of this framework is the security pillar of the AWS Well-Architected Framework. It provides guidance to help you apply best practices, current recommendations in the design, delivery, and maintenance of secure AWS workloads.;;;2026-07-10 21:26:29.483257;SEC10-BP06;Ensure that security personnel have the right tools pre-deployed into AWS to reduce the time for investigation through to recovery.To automate security engineering and operations functions, you can use a comprehensive set of APIs and tools from AWS. You can fully automate identity management, network security, data protection, and monitoring capabilities and deliver them using popular software development methods that you already have in place. When you build security automation, your system can monitor, review, and initiate a response, rather than having people monitor your security position and manually react to events. An effective way to automatically provide searchable and relevant log data across AWS services to your incident responders is to enable Amazon Detective.If your incident response teams continue to respond to alerts in the same way, they risk alert fatigue. Over time, the team can become desensitized to alerts and can either make mistakes handling ordinary situations or miss unusual alerts. Automation helps avoid alert fatigue by using functions that process the repetitive and ordinary alerts, leaving humans to handle the sensitive and unique incidents. Integrating anomaly detection systems, such as Amazon GuardDuty, AWS CloudTrail Insights, and Amazon CloudWatch Anomaly Detection, can reduce the burden of common threshold-based alerts.You can improve manual processes by programmatically automating steps in the process. After you define the remediation pattern to an event, you can decompose that pattern into actionable logic, and write the code to perform that logic. Responders can then execute that code to remediate the issue. Over time, you can automate more and more steps, and ultimately automatically handle whole classes of common incidents.For tools that execute within the operating system of your Amazon Elastic Compute Cloud (Amazon EC2) instance, you should evaluate using the AWS Systems Manager Run Command, which enables you to remotely and securely administrate instances using an agent that you install on your Amazon EC2 instance operating system. It requires the Systems Manager Agent (SSM Agent), which is installed by default on many Amazon Machine Images (AMIs). Be aware, though, that once an instance has been compromised, no responses from tools or agents running on it should be considered trustworthy.;SEC10-BP06 Pre-deploy tools;incident-response;sec_incident_response_pre_deploy_tools;Incident response;Prepare;Low;Automated;Ensure that security personnel have the right tools pre-deployed into AWS to reduce the time for investigation through to recovery.To automate security engineering and operations functions, you can use a comprehensive set of APIs and tools from AWS. You can fully automate identity management, network security, data protection, and monitoring capabilities and deliver them using popular software development methods that you already have in place. When you build security automation, your system can monitor, review, and initiate a response, rather than having people monitor your security position and manually react to events. An effective way to automatically provide searchable and relevant log data across AWS services to your incident responders is to enable Amazon Detective.If your incident response teams continue to respond to alerts in the same way, they risk alert fatigue. Over time, the team can become desensitized to alerts and can either make mistakes handling ordinary situations or miss unusual alerts. Automation helps avoid alert fatigue by using functions that process the repetitive and ordinary alerts, leaving humans to handle the sensitive and unique incidents. Integrating anomaly detection systems, such as Amazon GuardDuty, AWS CloudTrail Insights, and Amazon CloudWatch Anomaly Detection, can reduce the burden of common threshold-based alerts.You can improve manual processes by programmatically automating steps in the process. After you define the remediation pattern to an event, you can decompose that pattern into actionable logic, and write the code to perform that logic. Responders can then execute that code to remediate the issue. Over time, you can automate more and more steps, and ultimately automatically handle whole classes of common incidents.For tools that execute within the operating system of your Amazon Elastic Compute Cloud (Amazon EC2) instance, you should evaluate using the AWS Systems Manager Run Command, which enables you to remotely and securely administrate instances using an agent that you install on your Amazon EC2 instance operating system. It requires the Systems Manager Agent (SSM Agent), which is installed by default on many Amazon Machine Images (AMIs). Be aware, though, that once an instance has been compromised, no responses from tools or agents running on it should be considered trustworthy.;https://docs.aws.amazon.com/wellarchitected/latest/security-pillar/sec_incident_response_pre_deploy_tools.html#implementation-guidance.;MANUAL;Manual check;manual_check;manual;False;Manual check;AWS-Well-Architected-Framework-Security-Pillar;AWS Well-Architected Framework Security Pillar
aws;Best Practices for AWS Well-Architected Framework Security Pillar. The focus of this framework is the security pillar of the AWS Well-Architected Framework. It provides guidance to help you apply best practices, current recommendations in the design, delivery, and maintenance of secure AWS workloads.;;;2026-07-10 21:26:29.483257;SEC10-BP07;Game days, also known as simulations or exercises, are internal events that provide a structured opportunity to practice your incident management plans and procedures during a realistic scenario. These events should exercise responders using the same tools and techniques that would be used in a real-world scenario - even mimicking real-world environments. Game days are fundamentally about being prepared and iteratively improving your response capabilities. Some of the reasons you might find value in performing game day activities include:Validating readinessDeveloping confidence – learning from simulations and training staffFollowing compliance or contractual obligationsGenerating artifacts for accreditationBeing agile – incremental improvementBecoming faster and improving toolsRefining communication and escalationDeveloping comfort with the rare and the unexpectedFor these reasons, the value derived from participating in a simulation activity increases an organization's effectiveness during stressful events. Developing a simulation activity that is both realistic and beneficial can be a difficult exercise. Although testing your procedures or automation that handles well-understood events has certain advantages, it is just as valuable to participate in creative Security Incident Response Simulations (SIRS) activities to test yourself against the unexpected and continuously improve.Create custom simulations tailored to your environment, team, and tools. Find an issue and design your simulation around it. This could be something like a leaked credential, a server communicating with unwanted systems, or a misconfiguration that results in unauthorized exposure. Identify engineers who are familiar with your organization to create the scenario and another group to participate. The scenario should be realistic and challenging enough to be valuable. It should include the opportunity to get hands on with logging, notifications, escalations, and executing runbooks or automation. During the simulation, your responders should exercise their technical and organizational skills, and leaders should be involved to build their incident management skills. At the end of the simulation, celebrate the efforts of the team and look for ways to iterate, repeat, and expand into further simulations.AWS has created Incident Response Runbook templates that you can use not only to prepare your response efforts, but also as a basis for a simulation. When planning, a simulation can be broken into five phases.Evidence gathering: In this phase, a team will get alerts through various means, such as an internal ticketing system, alerts from monitoring tooling, anonymous tips, or even public news. Teams then start to review infrastructure and application logs to determine the source of the compromise. This step should also involve internal escalations and incident leadership. Once identified, teams move on to containing the incidentContain the incident: Teams will have determined there has been an incident and established the source of the compromise. Teams now should take action to contain it, for example, by disabling compromised credentials, isolating a compute resource, or revoking a role's permission.Eradicate the incident: Now that they've contained the incident, teams will work towards mitigating any vulnerabilities in applications or infrastructure configurations that were susceptible to the compromise. This could include rotating all credentials used for a workload, modifying Access Control Lists (ACLs) or changing network configurations.;SEC10-BP07 Run game days;incident-response;sec_incident_response_run_game_days;Incident response;Simulate;Medium;Automated;Game days, also known as simulations or exercises, are internal events that provide a structured opportunity to practice your incident management plans and procedures during a realistic scenario. These events should exercise responders using the same tools and techniques that would be used in a real-world scenario - even mimicking real-world environments. Game days are fundamentally about being prepared and iteratively improving your response capabilities. Some of the reasons you might find value in performing game day activities include:Validating readinessDeveloping confidence – learning from simulations and training staffFollowing compliance or contractual obligationsGenerating artifacts for accreditationBeing agile – incremental improvementBecoming faster and improving toolsRefining communication and escalationDeveloping comfort with the rare and the unexpectedFor these reasons, the value derived from participating in a simulation activity increases an organization's effectiveness during stressful events. Developing a simulation activity that is both realistic and beneficial can be a difficult exercise. Although testing your procedures or automation that handles well-understood events has certain advantages, it is just as valuable to participate in creative Security Incident Response Simulations (SIRS) activities to test yourself against the unexpected and continuously improve.Create custom simulations tailored to your environment, team, and tools. Find an issue and design your simulation around it. This could be something like a leaked credential, a server communicating with unwanted systems, or a misconfiguration that results in unauthorized exposure. Identify engineers who are familiar with your organization to create the scenario and another group to participate. The scenario should be realistic and challenging enough to be valuable. It should include the opportunity to get hands on with logging, notifications, escalations, and executing runbooks or automation. During the simulation, your responders should exercise their technical and organizational skills, and leaders should be involved to build their incident management skills. At the end of the simulation, celebrate the efforts of the team and look for ways to iterate, repeat, and expand into further simulations.AWS has created Incident Response Runbook templates that you can use not only to prepare your response efforts, but also as a basis for a simulation. When planning, a simulation can be broken into five phases.Evidence gathering: In this phase, a team will get alerts through various means, such as an internal ticketing system, alerts from monitoring tooling, anonymous tips, or even public news. Teams then start to review infrastructure and application logs to determine the source of the compromise. This step should also involve internal escalations and incident leadership. Once identified, teams move on to containing the incidentContain the incident: Teams will have determined there has been an incident and established the source of the compromise. Teams now should take action to contain it, for example, by disabling compromised credentials, isolating a compute resource, or revoking a role's permission.Eradicate the incident: Now that they've contained the incident, teams will work towards mitigating any vulnerabilities in applications or infrastructure configurations that were susceptible to the compromise. This could include rotating all credentials used for a workload, modifying Access Control Lists (ACLs) or changing network configurations.;https://docs.aws.amazon.com/wellarchitected/latest/security-pillar/sec_incident_response_run_game_days.html#implementation-guidance.;MANUAL;Manual check;manual_check;manual;False;Manual check;AWS-Well-Architected-Framework-Security-Pillar;AWS Well-Architected Framework Security Pillar
aws;Best Practices for AWS Well-Architected Framework Security Pillar. The focus of this framework is the security pillar of the AWS Well-Architected Framework. It provides guidance to help you apply best practices, current recommendations in the design, delivery, and maintenance of secure AWS workloads.;;;2026-07-10 21:26:29.483257;SEC10-BP04;Automate containment and recovery of an incident to reduce response times and organizational impact.Once you create and practice the processes and tools from your playbooks, you can deconstruct the logic into a code-based solution, which can be used as a tool by many responders to automate the response and remove variance or guess-work by your responders. This can speed up the lifecycle of a response. The next goal is to enable this code to be fully automated by being invoked by the alerts or events themselves, rather than by a human responder, to create an event-driven response. These processes should also automatically add relevant data to your security systems. For example, an incident involving traffic from an unwanted IP address can automatically populate an AWS WAF block list or Network Firewall rule group to prevent further activity.With an event-driven response system, a detective mechanism triggers a responsive mechanism to automatically remediate the event. You can use event-driven response capabilities to reduce the time-to-value between detective mechanisms and responsive mechanisms. To create this event-driven architecture, you can use AWS Lambda, which is a serverless compute service that runs your code in response to events and automatically manages the underlying compute resources for you. For example, assume that you have an AWS account with the AWS CloudTrail service enabled. If CloudTrail is ever disabled (through the cloudtrail:StopLogging API call), you can use Amazon EventBridge to monitor for the specific cloudtrail:StopLogging event, and invoke a Lambda function to call cloudtrail:StartLogging to restart logging.;SEC10-BP04 Automate containment capability;incident-response;sec_incident_response_auto_contain;Incident response;Iterate;Medium;Automated;Automate containment and recovery of an incident to reduce response times and organizational impact.Once you create and practice the processes and tools from your playbooks, you can deconstruct the logic into a code-based solution, which can be used as a tool by many responders to automate the response and remove variance or guess-work by your responders. This can speed up the lifecycle of a response. The next goal is to enable this code to be fully automated by being invoked by the alerts or events themselves, rather than by a human responder, to create an event-driven response. These processes should also automatically add relevant data to your security systems. For example, an incident involving traffic from an unwanted IP address can automatically populate an AWS WAF block list or Network Firewall rule group to prevent further activity.With an event-driven response system, a detective mechanism triggers a responsive mechanism to automatically remediate the event. You can use event-driven response capabilities to reduce the time-to-value between detective mechanisms and responsive mechanisms. To create this event-driven architecture, you can use AWS Lambda, which is a serverless compute service that runs your code in response to events and automatically manages the underlying compute resources for you. For example, assume that you have an AWS account with the AWS CloudTrail service enabled. If CloudTrail is ever disabled (through the cloudtrail:StopLogging API call), you can use Amazon EventBridge to monitor for the specific cloudtrail:StopLogging event, and invoke a Lambda function to call cloudtrail:StartLogging to restart logging.;https://docs.aws.amazon.com/wellarchitected/latest/security-pillar/sec_incident_response_auto_contain.html#implementation-guidance.;MANUAL;Manual check;manual_check;manual;False;Manual check;AWS-Well-Architected-Framework-Security-Pillar;AWS Well-Architected Framework Security Pillar
