PROVIDER;DESCRIPTION;ACCOUNTID;REGION;ASSESSMENTDATE;REQUIREMENTS_ID;REQUIREMENTS_DESCRIPTION;REQUIREMENTS_ATTRIBUTES_SECTION;REQUIREMENTS_ATTRIBUTES_SUBSECTION;REQUIREMENTS_ATTRIBUTES_SUBGROUP;REQUIREMENTS_ATTRIBUTES_SERVICE;REQUIREMENTS_ATTRIBUTES_TYPE;STATUS;STATUSEXTENDED;RESOURCEID;CHECKID;MUTED;RESOURCENAME;FRAMEWORK;NAME;REQUIREMENTS_ATTRIBUTES_COMMENT
aws;The AWS Foundational Technical Review (FTR) assesses an AWS Partner's solution against a specific set of Amazon Web Services (AWS) best practices around security, performance, and operational processes that are most critical for customer success. Passing the FTR is required to qualify AWS Software Partners for AWS Partner Network (APN) programs such as AWS Competency and AWS Service Ready but any AWS Partner who offers a technology solution may request a FTR review through AWS Partner Central.;;;2026-07-10 20:52:06.368954;HOST-001;To use this FTR checklist you must host all critical application components on AWS. You may use external providers for edge services such as content delivery networks (CDNs) or domain name system (DNS), or corporate identity providers. If you are using any edge services outside AWS, please specify them in the self-assessment.;Partner-hosted FTR requirements;;;;Manual;MANUAL;Manual check;manual_check;manual;False;Manual check;AWS-Foundational-Technical-Review;AWS Foundational Technical Review;
aws;The AWS Foundational Technical Review (FTR) assesses an AWS Partner's solution against a specific set of Amazon Web Services (AWS) best practices around security, performance, and operational processes that are most critical for customer success. Passing the FTR is required to qualify AWS Software Partners for AWS Partner Network (APN) programs such as AWS Competency and AWS Service Ready but any AWS Partner who offers a technology solution may request a FTR review through AWS Partner Central.;;;2026-07-10 20:52:06.368954;SUP-001;It is recommended that you subscribe to the AWS Business Support tier or higher (including AWS Partner-Led Support) for all of your AWS production accounts. For more information, refer to Compare AWS Support Plans. If you don't have premium support, you must have an action plan to handle issues which require help from AWS Support. AWS Support provides a mix of tools and technology, people, and programs designed to proactively help you optimize performance, lower costs, and innovate faster. AWS Business Support provides additional benefits including access to AWS Trusted Advisor and AWS Personal Health Dashboard and faster response times.;Partner-hosted FTR requirements;;;;Manual;MANUAL;Manual check;manual_check;manual;False;Manual check;AWS-Foundational-Technical-Review;AWS Foundational Technical Review;
aws;The AWS Foundational Technical Review (FTR) assesses an AWS Partner's solution against a specific set of Amazon Web Services (AWS) best practices around security, performance, and operational processes that are most critical for customer success. Passing the FTR is required to qualify AWS Software Partners for AWS Partner Network (APN) programs such as AWS Competency and AWS Service Ready but any AWS Partner who offers a technology solution may request a FTR review through AWS Partner Central.;;;2026-07-10 20:52:06.368954;WAFR-001;Conduct periodic architecture reviews of your production workload (at least once per year) using a documented architectural standard that includes AWS-specific best practices. If you have an internally defined standard for your AWS workloads, we recommend you use it for these reviews. If you do not have an internal standard, we recommend you use the AWS Well-Architected Framework.;Partner-hosted FTR requirements;;;;Manual;MANUAL;Manual check;manual_check;manual;False;Manual check;AWS-Foundational-Technical-Review;AWS Foundational Technical Review;
aws;The AWS Foundational Technical Review (FTR) assesses an AWS Partner's solution against a specific set of Amazon Web Services (AWS) best practices around security, performance, and operational processes that are most critical for customer success. Passing the FTR is required to qualify AWS Software Partners for AWS Partner Network (APN) programs such as AWS Competency and AWS Service Ready but any AWS Partner who offers a technology solution may request a FTR review through AWS Partner Central.;;;2026-07-10 20:52:06.368954;WAFR-002;Review the AWS Shared Responsibility Model for Security and the AWS Shared Responsibility Model for Resiliency. Ensure that your product’s architecture and operational processes address the customer responsibilities defined in these models. We recommend you to use AWS Resilience Hub to ensure your workload resiliency posture meets your targets and to provide you with operational procedures you may use to address the customer responsibilities.;Partner-hosted FTR requirements;;;;Manual;MANUAL;Manual check;manual_check;manual;False;Manual check;AWS-Foundational-Technical-Review;AWS Foundational Technical Review;
aws;The AWS Foundational Technical Review (FTR) assesses an AWS Partner's solution against a specific set of Amazon Web Services (AWS) best practices around security, performance, and operational processes that are most critical for customer success. Passing the FTR is required to qualify AWS Software Partners for AWS Partner Network (APN) programs such as AWS Competency and AWS Service Ready but any AWS Partner who offers a technology solution may request a FTR review through AWS Partner Central.;;;2026-07-10 20:52:06.368954;ARC-001;The root user has unlimited access to your account and its resources, and using it only by exception helps protect your AWS resources. The AWS root user must not be used for everyday tasks, even administrative ones. Instead, adhere to the best practice of using the root user only to create your first AWS Identity and Access Management (IAM) user. Then securely lock away the root user credentials and use them to perform only a few accounts and service management tasks. To view the tasks that require you to sign in as the root user, see AWS Tasks That Require Root User. FTR does not require you to actively monitor root usage.;Architectural and Operational Controls;;;;Manual;MANUAL;Manual check;manual_check;manual;False;Manual check;AWS-Foundational-Technical-Review;AWS Foundational Technical Review;
aws;The AWS Foundational Technical Review (FTR) assesses an AWS Partner's solution against a specific set of Amazon Web Services (AWS) best practices around security, performance, and operational processes that are most critical for customer success. Passing the FTR is required to qualify AWS Software Partners for AWS Partner Network (APN) programs such as AWS Competency and AWS Service Ready but any AWS Partner who offers a technology solution may request a FTR review through AWS Partner Central.;;;2026-07-10 20:52:06.368954;ARC-005;An incident management plan is critical to respond, mitigate, and recover from the potential impact of security incidents. An incident management plan is a structured process for identifying, remediating, and responding in a timely matter to security incidents. An effective incident management plan must be continually iterated upon, remaining current with your cloud operations goal. For more information on developing incident management plan please see Develop incident management plans.;Architectural and Operational Controls;;;;Manual;MANUAL;Manual check;manual_check;manual;False;Manual check;AWS-Foundational-Technical-Review;AWS Foundational Technical Review;
aws;The AWS Foundational Technical Review (FTR) assesses an AWS Partner's solution against a specific set of Amazon Web Services (AWS) best practices around security, performance, and operational processes that are most critical for customer success. Passing the FTR is required to qualify AWS Software Partners for AWS Partner Network (APN) programs such as AWS Competency and AWS Service Ready but any AWS Partner who offers a technology solution may request a FTR review through AWS Partner Central.;;;2026-07-10 20:52:06.368954;ACOM-001;If an account is not managed by AWS Organizations, alternate account contacts help AWS get in contact with the appropriate personnel if needed. Configure the account’s alternate contacts to point to a group rather than an individual. For example, create separate email distribution lists for billing, operations, and security and configure these as Billing, Security, and Operations contacts in each active AWS account. This ensures that multiple people will receive AWS notifications and be able to respond, even if someone is on vacation, changes roles, or leaves the company.;Architectural and Operational Controls;;;;Manual;MANUAL;Manual check;manual_check;manual;False;Manual check;AWS-Foundational-Technical-Review;AWS Foundational Technical Review;
aws;The AWS Foundational Technical Review (FTR) assesses an AWS Partner's solution against a specific set of Amazon Web Services (AWS) best practices around security, performance, and operational processes that are most critical for customer success. Passing the FTR is required to qualify AWS Software Partners for AWS Partner Network (APN) programs such as AWS Competency and AWS Service Ready but any AWS Partner who offers a technology solution may request a FTR review through AWS Partner Central.;;;2026-07-10 20:52:06.368954;ACOM-002;Using company owned email addresses and phone numbers for contact information enables you to access them even if the individuals whom they belong to are no longer with your organization;Architectural and Operational Controls;;;;Manual;MANUAL;Manual check;manual_check;manual;False;Manual check;AWS-Foundational-Technical-Review;AWS Foundational Technical Review;
aws;The AWS Foundational Technical Review (FTR) assesses an AWS Partner's solution against a specific set of Amazon Web Services (AWS) best practices around security, performance, and operational processes that are most critical for customer success. Passing the FTR is required to qualify AWS Software Partners for AWS Partner Network (APN) programs such as AWS Competency and AWS Service Ready but any AWS Partner who offers a technology solution may request a FTR review through AWS Partner Central.;;;2026-07-10 20:52:06.368954;IAM-004;Create individual entities and give unique security credentials and permissions to each user accessing your account. With individual entities and no shared credentials, you can audit the activity of each user.;Architectural and Operational Controls;;;;Manual;MANUAL;Manual check;manual_check;manual;False;Manual check;AWS-Foundational-Technical-Review;AWS Foundational Technical Review;
aws;The AWS Foundational Technical Review (FTR) assesses an AWS Partner's solution against a specific set of Amazon Web Services (AWS) best practices around security, performance, and operational processes that are most critical for customer success. Passing the FTR is required to qualify AWS Software Partners for AWS Partner Network (APN) programs such as AWS Competency and AWS Service Ready but any AWS Partner who offers a technology solution may request a FTR review through AWS Partner Central.;;;2026-07-10 20:52:06.368954;IAM-005;Do not provision IAM users and share those credentials with people outside of your organization. Any external services that need to make AWS API calls against your account (for example, a monitoring solution that accesses your account's AWS CloudWatch metrics) must use a cross-account role. For more information, refer to Providing access to AWS accounts owned by third parties.;Architectural and Operational Controls;;;;Manual;MANUAL;Manual check;manual_check;manual;False;Manual check;AWS-Foundational-Technical-Review;AWS Foundational Technical Review;
aws;The AWS Foundational Technical Review (FTR) assesses an AWS Partner's solution against a specific set of Amazon Web Services (AWS) best practices around security, performance, and operational processes that are most critical for customer success. Passing the FTR is required to qualify AWS Software Partners for AWS Partner Network (APN) programs such as AWS Competency and AWS Service Ready but any AWS Partner who offers a technology solution may request a FTR review through AWS Partner Central.;;;2026-07-10 20:52:06.368954;IAM-007;Integrate access controls with operator and application lifecycle and your centralized federation provider and IAM. For example, remove a user’s access when they leave the organization or change roles.;Architectural and Operational Controls;;;;Manual;MANUAL;Manual check;manual_check;manual;False;Manual check;AWS-Foundational-Technical-Review;AWS Foundational Technical Review;
aws;The AWS Foundational Technical Review (FTR) assesses an AWS Partner's solution against a specific set of Amazon Web Services (AWS) best practices around security, performance, and operational processes that are most critical for customer success. Passing the FTR is required to qualify AWS Software Partners for AWS Partner Network (APN) programs such as AWS Competency and AWS Service Ready but any AWS Partner who offers a technology solution may request a FTR review through AWS Partner Central.;;;2026-07-10 20:52:06.368954;IAM-008;Auditing the identities that are configured in your identity provider and IAM helps ensure that only authorized identities have access to your workload. For example, remove people that leave the organization, and remove cross-account roles that are no longer required. Have a process in place to periodically audit permissions to the services accessed by an IAM entity. This helps you identify the policies you needto modify to remove any unused permissions. For more information, see Refining permissions in AWS using last accessed information.;Architectural and Operational Controls;;;;Manual;MANUAL;Manual check;manual_check;manual;False;Manual check;AWS-Foundational-Technical-Review;AWS Foundational Technical Review;
aws;The AWS Foundational Technical Review (FTR) assesses an AWS Partner's solution against a specific set of Amazon Web Services (AWS) best practices around security, performance, and operational processes that are most critical for customer success. Passing the FTR is required to qualify AWS Software Partners for AWS Partner Network (APN) programs such as AWS Competency and AWS Service Ready but any AWS Partner who offers a technology solution may request a FTR review through AWS Partner Central.;;;2026-07-10 20:52:06.368954;IAM-009;Ensure that all credentials used by your applications (for example, IAM access keys and database passwords) are never included in your application's source code or committed to source control in any way.;Architectural and Operational Controls;;;;Manual;MANUAL;Manual check;manual_check;manual;False;Manual check;AWS-Foundational-Technical-Review;AWS Foundational Technical Review;
aws;The AWS Foundational Technical Review (FTR) assesses an AWS Partner's solution against a specific set of Amazon Web Services (AWS) best practices around security, performance, and operational processes that are most critical for customer success. Passing the FTR is required to qualify AWS Software Partners for AWS Partner Network (APN) programs such as AWS Competency and AWS Service Ready but any AWS Partner who offers a technology solution may request a FTR review through AWS Partner Central.;;;2026-07-10 20:52:06.368954;IAM-0010;Encrypt all secrets in transit and at rest, define fine-grained access controls that only allow access to specific identities, and log access to secrets in an audit log. We recommend you use a purpose-built secret management service such as AWS Secrets Manager, AWS Systems Manager Parameter Store, or an AWS Partner solution, but internally developed solutions that meet these requirements are also acceptable.;Architectural and Operational Controls;;;;Manual;MANUAL;Manual check;manual_check;manual;False;Manual check;AWS-Foundational-Technical-Review;AWS Foundational Technical Review;
aws;The AWS Foundational Technical Review (FTR) assesses an AWS Partner's solution against a specific set of Amazon Web Services (AWS) best practices around security, performance, and operational processes that are most critical for customer success. Passing the FTR is required to qualify AWS Software Partners for AWS Partner Network (APN) programs such as AWS Competency and AWS Service Ready but any AWS Partner who offers a technology solution may request a FTR review through AWS Partner Central.;;;2026-07-10 20:52:06.368954;IAM-0011;If you are storing end user/customer credentials in a database that you manage, encrypt credentials at rest and hash passwords. As an alternative, AWS recommends using a user-identity synchronization service, such as Amazon Cognito or an equivalent AWS Partner solution.;Architectural and Operational Controls;;;;Manual;MANUAL;Manual check;manual_check;manual;False;Manual check;AWS-Foundational-Technical-Review;AWS Foundational Technical Review;
aws;The AWS Foundational Technical Review (FTR) assesses an AWS Partner's solution against a specific set of Amazon Web Services (AWS) best practices around security, performance, and operational processes that are most critical for customer success. Passing the FTR is required to qualify AWS Software Partners for AWS Partner Network (APN) programs such as AWS Competency and AWS Service Ready but any AWS Partner who offers a technology solution may request a FTR review through AWS Partner Central.;;;2026-07-10 20:52:06.368954;BAR-002;To confirm that your backup process meets your recovery time objectives (RTO) and recovery point objectives (RPO), run a recovery test on a regular schedule and after making significant changes to your cloud environment. For more information, refer to Getting Started - Backup and Restore with AWS.;Architectural and Operational Controls;;;;Manual;MANUAL;Manual check;manual_check;manual;False;Manual check;AWS-Foundational-Technical-Review;AWS Foundational Technical Review;
aws;The AWS Foundational Technical Review (FTR) assesses an AWS Partner's solution against a specific set of Amazon Web Services (AWS) best practices around security, performance, and operational processes that are most critical for customer success. Passing the FTR is required to qualify AWS Software Partners for AWS Partner Network (APN) programs such as AWS Competency and AWS Service Ready but any AWS Partner who offers a technology solution may request a FTR review through AWS Partner Central.;;;2026-07-10 20:52:06.368954;RES-001;To confirm that your backup process meets your recovery time objectives (RTO) and recovery point objectives (RPO), run a recovery test on a regular schedule and after making significant changes to your cloud environment. For more information, refer to Getting Started - Backup and Restore with AWS.;Architectural and Operational Controls;;;;Manual;MANUAL;Manual check;manual_check;manual;False;Manual check;AWS-Foundational-Technical-Review;AWS Foundational Technical Review;
aws;The AWS Foundational Technical Review (FTR) assesses an AWS Partner's solution against a specific set of Amazon Web Services (AWS) best practices around security, performance, and operational processes that are most critical for customer success. Passing the FTR is required to qualify AWS Software Partners for AWS Partner Network (APN) programs such as AWS Competency and AWS Service Ready but any AWS Partner who offers a technology solution may request a FTR review through AWS Partner Central.;;;2026-07-10 20:52:06.368954;RES-002;Define an RTO that meets your organization’s needs and expectations. RTO is the maximum acceptable delay your organization will accept between the interruption and restoration of service.;Architectural and Operational Controls;;;;Manual;MANUAL;Manual check;manual_check;manual;False;Manual check;AWS-Foundational-Technical-Review;AWS Foundational Technical Review;
aws;The AWS Foundational Technical Review (FTR) assesses an AWS Partner's solution against a specific set of Amazon Web Services (AWS) best practices around security, performance, and operational processes that are most critical for customer success. Passing the FTR is required to qualify AWS Software Partners for AWS Partner Network (APN) programs such as AWS Competency and AWS Service Ready but any AWS Partner who offers a technology solution may request a FTR review through AWS Partner Central.;;;2026-07-10 20:52:06.368954;RES-004;Test resiliency to ensure that RTO and RPO are met, both periodically (minimum every 12 months) and after major updates. The resiliency test must include accidental data loss, instance failures, and Availability Zone (AZ) failures. At least one resilience test that meets RTO and RPO requirements must be completed prior to FTR approval. You can use AWS Resilience Hub to test and verify your workloads to see if it meets its resilience target. AWS Resilience Hub works with AWS Fault Injection Service (AWS FIS) , a chaos engineering service, to provide fault-injection simulations of real-world failures to validate the application recovers within the resilience targets you defined. AWS Resilience Hub also provides API operations for you to integrate its resilience assessment and testing into your CI/CD pipelines for ongoing resilience validation. Including resilience validation in CI/CD pipelines helps make sure that changes to the workload’s underlying infrastructure don't compromise resilience.;Architectural and Operational Controls;;;;Manual;MANUAL;Manual check;manual_check;manual;False;Manual check;AWS-Foundational-Technical-Review;AWS Foundational Technical Review;
aws;The AWS Foundational Technical Review (FTR) assesses an AWS Partner's solution against a specific set of Amazon Web Services (AWS) best practices around security, performance, and operational processes that are most critical for customer success. Passing the FTR is required to qualify AWS Software Partners for AWS Partner Network (APN) programs such as AWS Competency and AWS Service Ready but any AWS Partner who offers a technology solution may request a FTR review through AWS Partner Central.;;;2026-07-10 20:52:06.368954;RES-005;Clearly define your customers’ responsibility for backup, recovery, and availability. At a minimum, your product documentation or customer agreements should cover the following: Responsibility the customer has for backing up the data stored in your solution. Instructions for backing up data or configuring optional features in your product for data protection, if applicable. Options customers have for configuring the availability of your product.;Architectural and Operational Controls;;;;Manual;MANUAL;Manual check;manual_check;manual;False;Manual check;AWS-Foundational-Technical-Review;AWS Foundational Technical Review;
aws;The AWS Foundational Technical Review (FTR) assesses an AWS Partner's solution against a specific set of Amazon Web Services (AWS) best practices around security, performance, and operational processes that are most critical for customer success. Passing the FTR is required to qualify AWS Software Partners for AWS Partner Network (APN) programs such as AWS Competency and AWS Service Ready but any AWS Partner who offers a technology solution may request a FTR review through AWS Partner Central.;;;2026-07-10 20:52:06.368954;RES-006;If you publish or privately agree to availability targets or uptime SLAs, ensure that your architecture and operational processes are designed to support them. Additionally, provide clear guidance to customers on any configuration required to achieve the targets or SLAs.;Architectural and Operational Controls;;;;Manual;MANUAL;Manual check;manual_check;manual;False;Manual check;AWS-Foundational-Technical-Review;AWS Foundational Technical Review;
aws;The AWS Foundational Technical Review (FTR) assesses an AWS Partner's solution against a specific set of Amazon Web Services (AWS) best practices around security, performance, and operational processes that are most critical for customer success. Passing the FTR is required to qualify AWS Software Partners for AWS Partner Network (APN) programs such as AWS Competency and AWS Service Ready but any AWS Partner who offers a technology solution may request a FTR review through AWS Partner Central.;;;2026-07-10 20:52:06.368954;RES-007;Establish a plan for communicating information about system outages to your customers both during and after incidents. Your communication should not include any data that was provided by AWS under a non-disclosure agreement (NDA).;Architectural and Operational Controls;;;;Manual;MANUAL;Manual check;manual_check;manual;False;Manual check;AWS-Foundational-Technical-Review;AWS Foundational Technical Review;
aws;The AWS Foundational Technical Review (FTR) assesses an AWS Partner's solution against a specific set of Amazon Web Services (AWS) best practices around security, performance, and operational processes that are most critical for customer success. Passing the FTR is required to qualify AWS Software Partners for AWS Partner Network (APN) programs such as AWS Competency and AWS Service Ready but any AWS Partner who offers a technology solution may request a FTR review through AWS Partner Central.;;;2026-07-10 20:52:06.368954;CAA-001;Cross-account roles reduce the amount of sensitive information AWS Partners need to store for their customers.;Architectural and Operational Controls;;;;Manual;MANUAL;Manual check;manual_check;manual;False;Manual check;AWS-Foundational-Technical-Review;AWS Foundational Technical Review;
aws;The AWS Foundational Technical Review (FTR) assesses an AWS Partner's solution against a specific set of Amazon Web Services (AWS) best practices around security, performance, and operational processes that are most critical for customer success. Passing the FTR is required to qualify AWS Software Partners for AWS Partner Network (APN) programs such as AWS Competency and AWS Service Ready but any AWS Partner who offers a technology solution may request a FTR review through AWS Partner Central.;;;2026-07-10 20:52:06.368954;CAA-007;The policy created for cross-account access in customer accounts must follow the principle of least privilege. The AWS Partner must provide a role-policy document or an automated setup mechanism (for example, an AWS CloudFormation template) for the customers to use to ensure that the roles are created with minimum required privileges. For more information, refer to the AWS Partner Network (APN) blog posts.;Architectural and Operational Controls;;;;Manual;MANUAL;Manual check;manual_check;manual;False;Manual check;AWS-Foundational-Technical-Review;AWS Foundational Technical Review;
aws;The AWS Foundational Technical Review (FTR) assesses an AWS Partner's solution against a specific set of Amazon Web Services (AWS) best practices around security, performance, and operational processes that are most critical for customer success. Passing the FTR is required to qualify AWS Software Partners for AWS Partner Network (APN) programs such as AWS Competency and AWS Service Ready but any AWS Partner who offers a technology solution may request a FTR review through AWS Partner Central.;;;2026-07-10 20:52:06.368954;CAA-002;An external ID allows the user that is assuming the role to assert the circumstances in which they are operating. It also provides a way for the account owner to permit the role to be assumed only under specific circumstances. The primary function of the external ID is to address and prevent the confused deputy problem.;Architectural and Operational Controls;;;;Manual;MANUAL;Manual check;manual_check;manual;False;Manual check;AWS-Foundational-Technical-Review;AWS Foundational Technical Review;
aws;The AWS Foundational Technical Review (FTR) assesses an AWS Partner's solution against a specific set of Amazon Web Services (AWS) best practices around security, performance, and operational processes that are most critical for customer success. Passing the FTR is required to qualify AWS Software Partners for AWS Partner Network (APN) programs such as AWS Competency and AWS Service Ready but any AWS Partner who offers a technology solution may request a FTR review through AWS Partner Central.;;;2026-07-10 20:52:06.368954;CAA-004;When configuring cross-account access using IAM roles, you must use a value you generate for the external ID, instead of one provided by the customer, to ensure the integrity of the cross-account role configuration. A partner-generated external ID ensures that malicious parties cannot impersonate a customer's configuration and enforces uniqueness and format consistency across all customers. If you are not generating an external ID today we recommend implementing a process that generates a random unique value (such as a Universally Unique Identifier) for the external ID that a customer uses to set up a cross-account role.;Architectural and Operational Controls;;;;Manual;MANUAL;Manual check;manual_check;manual;False;Manual check;AWS-Foundational-Technical-Review;AWS Foundational Technical Review;
aws;The AWS Foundational Technical Review (FTR) assesses an AWS Partner's solution against a specific set of Amazon Web Services (AWS) best practices around security, performance, and operational processes that are most critical for customer success. Passing the FTR is required to qualify AWS Software Partners for AWS Partner Network (APN) programs such as AWS Competency and AWS Service Ready but any AWS Partner who offers a technology solution may request a FTR review through AWS Partner Central.;;;2026-07-10 20:52:06.368954;CAA-005;The external IDs used must be unique across all customers. Re-using external IDs for different customers does not solve the confused deputy problem and runs the risk of customer A being able to view data of customer B by using the role ARN and the external ID of customer B. To resolve this, we recommend implementing a process that ensures a random unique value, such as a Universally Unique Identifier, is generated for the external ID that a customer would use to setup a cross account role.;Architectural and Operational Controls;;;;Manual;MANUAL;Manual check;manual_check;manual;False;Manual check;AWS-Foundational-Technical-Review;AWS Foundational Technical Review;
aws;The AWS Foundational Technical Review (FTR) assesses an AWS Partner's solution against a specific set of Amazon Web Services (AWS) best practices around security, performance, and operational processes that are most critical for customer success. Passing the FTR is required to qualify AWS Software Partners for AWS Partner Network (APN) programs such as AWS Competency and AWS Service Ready but any AWS Partner who offers a technology solution may request a FTR review through AWS Partner Central.;;;2026-07-10 20:52:06.368954;CAA-006;Customers must not be able to set or influence external IDs. When the external ID is editable, it is possible for one customer to impersonate the configuration of another. For example, when the external ID is editable, customer A can create a cross account role setup using customer B’s role ARN and external ID, granting customer A access to customer B’s data. Remediation of this item involves making the external ID a view-only field, ensuring that the external ID cannot be changed to impersonate the setup of another customer.;Architectural and Operational Controls;;;;Manual;MANUAL;Manual check;manual_check;manual;False;Manual check;AWS-Foundational-Technical-Review;AWS Foundational Technical Review;
aws;The AWS Foundational Technical Review (FTR) assesses an AWS Partner's solution against a specific set of Amazon Web Services (AWS) best practices around security, performance, and operational processes that are most critical for customer success. Passing the FTR is required to qualify AWS Software Partners for AWS Partner Network (APN) programs such as AWS Competency and AWS Service Ready but any AWS Partner who offers a technology solution may request a FTR review through AWS Partner Central.;;;2026-07-10 20:52:06.368954;CAA-003;If your application provides legacy support for the use of static IAM credentials for cross-account access, the application's user interface and customer documentation must make it clear that this method is deprecated. Existing customers should be encouraged to switch to cross-account role based-access, and collection of credentials should be disabled for new customers.;Architectural and Operational Controls;;;;Manual;MANUAL;Manual check;manual_check;manual;False;Manual check;AWS-Foundational-Technical-Review;AWS Foundational Technical Review;
aws;The AWS Foundational Technical Review (FTR) assesses an AWS Partner's solution against a specific set of Amazon Web Services (AWS) best practices around security, performance, and operational processes that are most critical for customer success. Passing the FTR is required to qualify AWS Software Partners for AWS Partner Network (APN) programs such as AWS Competency and AWS Service Ready but any AWS Partner who offers a technology solution may request a FTR review through AWS Partner Central.;;;2026-07-10 20:52:06.368954;SDAT-001;Data classification enables you to determine which data needs to be protected and how. Based on the workload and the data it processes, identify the data that is not common public knowledge.;Architectural and Operational Controls;;;;Manual;MANUAL;Manual check;manual_check;manual;False;Manual check;AWS-Foundational-Technical-Review;AWS Foundational Technical Review;
aws;The AWS Foundational Technical Review (FTR) assesses an AWS Partner's solution against a specific set of Amazon Web Services (AWS) best practices around security, performance, and operational processes that are most critical for customer success. Passing the FTR is required to qualify AWS Software Partners for AWS Partner Network (APN) programs such as AWS Competency and AWS Service Ready but any AWS Partner who offers a technology solution may request a FTR review through AWS Partner Central.;;;2026-07-10 20:52:06.368954;SDAT-003;Encryption maintains data confidentiality even when the network through which it is transmitted becomes compromised.;Architectural and Operational Controls;;;;Manual;MANUAL;Manual check;manual_check;manual;False;Manual check;AWS-Foundational-Technical-Review;AWS Foundational Technical Review;
aws;The AWS Foundational Technical Review (FTR) assesses an AWS Partner's solution against a specific set of Amazon Web Services (AWS) best practices around security, performance, and operational processes that are most critical for customer success. Passing the FTR is required to qualify AWS Software Partners for AWS Partner Network (APN) programs such as AWS Competency and AWS Service Ready but any AWS Partner who offers a technology solution may request a FTR review through AWS Partner Central.;;;2026-07-10 20:52:06.368954;RCVP-001;If you advertise that your product meets specific compliance standards, you must have an internal process for ensuring compliance. Examples of compliance standards include Payment Card Industry Data Security Standard (PCI DSS) PCI DSS, Federal Risk and Authorization Management Program (FedRAMP)FedRAMP, and U.S. Health Insurance Portability and Accountability Act (HIPAA)HIPAA. Applicable compliance standards are determined by various factors, such as what types of data the solution stores or transmits and which geographic regions the solution supports.;Architectural and Operational Controls;;;;Manual;MANUAL;Manual check;manual_check;manual;False;Manual check;AWS-Foundational-Technical-Review;AWS Foundational Technical Review;
